<Ui xmlns:xsi="http://www.w3.org/2001/XMLSchema-instance" xmlns:xsd="http://www.w3.org/2001/XMLSchema" xmlns="http://www.blizzard.com/wow/ui/">
	<Script file="TabGuild.lua"></Script>
	
	<Button name="AltoGuildMenuItemTemplate" inherits="AltoMenuItemTemplate" hidden="false" virtual="true">
		<Size x="156" y="20" />
		<Scripts>
			<OnClick>
				self:GetParent():MenuItem_OnClick(self:GetID(), self.panel)
			</OnClick>
		</Scripts>
	</Button>
	
	<Frame name="AltoholicTabGuild" parent="AltoholicFrame">
		<Size x="758" y="447" />
		<Anchors>
			<Anchor point="TOPLEFT"/>
		</Anchors>
		<Layers>
			<Layer level="OVERLAY">
				<FontString parentKey="Status" inherits="GameFontNormal" justifyH="LEFT">
					<Size x="320" y="24" />
					<Anchors>
						<Anchor point="BOTTOMRIGHT" x="-250" y="13" />
					</Anchors>
					<Color r="255" g="255" b="255" />
				</FontString>
			</Layer>
		</Layers>
		<Frames>
			<Button parentKey="MenuItem1" inherits="AltoGuildMenuItemTemplate" id="1">
				<Anchors>
					<Anchor point="TOPLEFT" x="23" y="-105" />
				</Anchors>
				<KeyValues>
					<KeyValue key="panel" value="Members" />
				</KeyValues>
			</Button>
			<Button parentKey="MenuItem2" inherits="AltoGuildMenuItemTemplate" id="2">
				<Anchors>
					<Anchor point="TOPLEFT" relativeKey="$parent.MenuItem1" relativePoint="BOTTOMLEFT" x="0" y="0" />
				</Anchors>
				<KeyValues>
					<KeyValue key="panel" value="Bank" />
				</KeyValues>
			</Button>
			<Frame parentKey="SortButtons" inherits="AltoSortButtonsContainerTemplate">
				<KeyValues>
					<KeyValue key="numButtons" value="5" type="number" />
					<KeyValue key="option" value="UI.Tabs.Guild.SortAscending" />
				</KeyValues>
			</Frame>
		</Frames>
		<Scripts>
			<OnLoad>
				Altoholic:BindViewToController(self, "AltoholicUI.TabGuild")
			</OnLoad>
		</Scripts>
	</Frame>
</Ui>
