<Ui xmlns="http://www.blizzard.com/wow/ui/" xmlns:xsi="http://www.w3.org/2001/XMLSchema-instance"
xsi:schemaLocation="http://www.blizzard.com/wow/ui/
..\FrameXML\UI.xsd">
    <!--@non-debug@-->
    <Script file="AddOns.lua"/>
    <!--@end-non-debug@-->

    <!--Script file="Blizzard_APIDocumentation.lua"/-->
    <!--Script file="Blizzard_ArenaUI.lua"/-->
    <Script file="Blizzard_AuctionUI.lua"/>
    <!--Script file="Blizzard_AuthChallengeUI.lua"/-->
    <Script file="Blizzard_BattlefieldMap.lua"/>
    <Script file="Blizzard_BindingUI.lua"/>
    <Script file="Blizzard_Channels.lua"/>
    <!--Script file="Blizzard_ClientSavedVariables.lua"/-->
    <!--Script file="Blizzard_CombatLog.lua"/-->
    <!--Script file="Blizzard_CombatText.lua"/-->
    <!--Script file="Blizzard_Commentator.lua"/-->
    <Script file="Blizzard_Communities.lua"/>
    <Script file="Blizzard_CompactRaidFrames.lua"/>
    <!--Script file="Blizzard_Console.lua"/-->
    <Script file="Blizzard_CraftUI.lua"/>
    <Script file="Blizzard_CUFProfiles.lua"/>
    <Script file="Blizzard_DebugTools.lua"/>
    <!--Script file="Blizzard_Deprecated.lua"/-->
    <Script file="Blizzard_EventTrace.lua"/>
    <!--Script file="Blizzard_FlightMap.lua"/-->
    <!--Script file="Blizzard_GMChatUI.lua"/-->
    <Script file="Blizzard_InspectUI.lua"/>
    <!--Script file="Blizzard_ItemSocketingUI.lua"/-->
    <!--Script file="Blizzard_Kiosk.lua"/-->
    <Script file="Blizzard_MacroUI.lua"/>
    <!--Script file="Blizzard_MapCanvas.lua"/-->
    <!--Script file="Blizzard_MovePad.lua"/-->
    <!--Script file="Blizzard_NamePlates.lua"/-->
    <!--Script file="Blizzard_PTRFeedback.lua"/-->
    <Script file="Blizzard_RaidUI.lua"/>
    <!--Script file="Blizzard_SecureTransferUI.lua"/-->
    <!--Script file="Blizzard_SharedMapDataProviders.lua"/-->
    <!--Script file="Blizzard_SocialUI.lua"/-->
    <!--Script file="Blizzard_StoreUI.lua"/-->
    <Script file="Blizzard_TalentUI.lua"/>
    <Script file="Blizzard_TimeManager.lua"/>
    <Script file="Blizzard_TradeSkillUI.lua"/>
    <Script file="Blizzard_TrainerUI.lua"/>
    <Script file="Blizzard_UIWidgets.lua"/>
    <Script file="Blizzard_WorldMap.lua"/>
    <!--Script file="Blizzard_WowTokenUI.lua"/-->


    <!--Script file="Blizzard_AuthChallengeUI.lua"/-->
</Ui>
