<Ui xmlns="http://www.blizzard.com/wow/ui/" xmlns:xsi="http://www.w3.org/2001/XMLSchema-instance" xsi:schemaLocation="http://www.blizzard.com/wow/ui/
..\FrameXML\UI.xsd">

<!--
    <Include file = "..\..\sharedxml\hybridscrollframe.xml"/>
    <Include file = "template.xml"/>
-->
    <include file = "libs\libs.xml" />

    <script file = "Locale\zhCN.lua" />
    <script file = "Locale\zhTW.lua" />
    <script file = "Locale\enUS.lua" />
    <script file = "data-classic.lua" />
    <script file = "data-bcc.lua" />
    <script file = "alaTalentEmu.lua" />

    <include file = "Bindings.xml" />
    

</Ui>

