<Ui xmlns="http://www.blizzard.com/wow/ui/" xmlns:xsi="http://www.w3.org/2001/XMLSchema-instance" xsi:schemaLocation="http://www.blizzard.com/wow/ui/
..\FrameXML\UI.xsd">

<!--
	<Include file = "..\..\sharedxml\hybridscrollframe.xml"/>
	<Include file = "template.xml"/>
-->
	<!-- <script file = "core.lua" /> -->
	<script file = "fix.lua" />
	<script file = "talent.lua" />
	<script file = "instlock.lua" />
	<script file = "map.lua" />
	<script file = "drop.lua" />
	<script file = "popup.lua" />
	<script file = "scroll.lua" />
	<script file = "comm.lua" />
	<script file = "coder.lua" />

	<!-- <include file = "Bindings.xml" /> -->


</Ui>

