<Ui xmlns="http://www.blizzard.com/wow/ui/">
  <Frame name="Atr_FullScanFrame" inherits="AuctionatorDialog" toplevel="true" parent="UIParent" frameStrata="DIALOG" enableMouse="true" hidden="true">
    <Size><AbsDimension x="600" y="420" /></Size>

    <Layers>
      <Layer level="ARTWORK">
        <Texture file="Interface\DialogFrame\UI-DialogBox-Header">
          <Size x="310" y="64"/>
          <Anchors><Anchor point="TOP"><Offset x="0" y="12"/></Anchor></Anchors>
        </Texture>
        <FontString inherits="GameFontNormal" text="Full Scan">
          <Anchors><Anchor point="TOP"><Offset x="0" y="-2"/></Anchor></Anchors>
        </FontString>
        <FontString name="Atr_FullScanNextLabel" inherits="GameFontNormal" text="AUCTIONATOR_NEXT_SCAN_ALLOWED">
          <Anchors><Anchor point="TOPLEFT"><Offset x="27" y="-55"/></Anchor></Anchors>
        </FontString>
        <FontString name="Atr_FullScanNext" inherits="GameFontHighlight">
          <Anchors><Anchor point="TOPLEFT"><Offset x="150" y="-55"/></Anchor></Anchors>
        </FontString>
        <FontString name="Atr_FullScanDBwhenLabel" inherits="GameFontNormal" text="AUCTIONATOR_LAST_SCAN">
          <Anchors><Anchor point="TOPLEFT"><Offset x="27" y="-80"/></Anchor></Anchors>
        </FontString>
        <FontString name="Atr_FullScanDBwhen" inherits="GameFontHighlight">
          <Anchors><Anchor point="TOPLEFT"><Offset x="150" y="-80"/></Anchor></Anchors>
        </FontString>
        <FontString name="Atr_FullScanDBsizeLabel" inherits="GameFontNormal" text="AUCTIONATOR_ITEMS_IN_DB">
          <Anchors><Anchor point="TOPLEFT"><Offset x="27" y="-105"/></Anchor></Anchors>
        </FontString>
        <FontString name="Atr_FullScanDBsize" inherits="GameFontHighlight">
          <Anchors><Anchor point="TOPLEFT"><Offset x="150" y="-105"/></Anchor></Anchors>
        </FontString>
        <FontString name="Atr_FullScanStatus" inherits="GameFontNormal" text="">
          <Anchors><Anchor point="TOPLEFT"><Offset x="27" y="-140"/></Anchor></Anchors>
        </FontString>
      </Layer>

    </Layers>

    <Frames>
      <Button name="Atr_FullScanDone" inherits="UIPanelButtonTemplate" text="DONE">
        <Size><AbsDimension x="80" y="22"/> </Size>
        <Anchors><Anchor point="TOPRIGHT"><Offset><AbsDimension x="-30" y="-140"/></Offset></Anchor></Anchors>
        <Scripts>
          <OnClick>
            Atr_FullScanFrame:Hide()
          </OnClick>
        </Scripts>
      </Button>

      <Button name="Atr_FullScanStartButton" inherits="UIPanelButtonTemplate" text="AUCTIONATOR_START_SCANNING">
        <Size><AbsDimension x="120" y="22"/>  </Size>
        <Anchors><Anchor point="RIGHT" relativeTo="Atr_FullScanDone" relativePoint="LEFT"><Offset><AbsDimension x="-4" y="0"/></Offset></Anchor></Anchors>
        <Scripts>
          <OnClick>
            Atr_FullScanStart()
          </OnClick>
        </Scripts>
      </Button>

      <SimpleHTML name="Atr_FullScanHTML">
        <Size><AbsDimension x="545" y="300" /></Size>
        <Anchors><Anchor point="TOPLEFT"><Offset><AbsDimension x="27" y="-175"/></Offset></Anchor></Anchors>
        <FontString inherits="GameFontLightGraySmall"/>
        <FontStringHeader1 inherits="GameFontNormal"/>
      </SimpleHTML>

      <Frame name="Atr_FullScanResults" hidden="true" inherits="BackdropTemplate">
        <Anchors>
          <Anchor point="TOPLEFT"><Offset><AbsDimension y="-195" x="70"/></Offset></Anchor>
          <Anchor point="BOTTOMRIGHT"><Offset><AbsDimension y="30" x="-70"/></Offset></Anchor>
        </Anchors>

        <Backdrop edgeFile="Interface\Tooltips\UI-Tooltip-Border">
          <EdgeSize><AbsValue val="16"/></EdgeSize>
        </Backdrop>

    	<Scripts>
          <OnShow>
            self:SetBackdrop({
              edgeFile = "Interface\\Tooltips\\UI-Tooltip-Border", 
              edgeSize = 16,
            })
          </OnShow>
        </Scripts>

        <Layers>
          <Layer level="ARTWORK">
            <FontString name="Atr_FSR_scanned_text" inherits="GameFontNormal" text="AUCTIONATOR_AUCTIONS_SCANNED">
              <Anchors><Anchor point="TOPRIGHT"><Offset x="-170" y="-40"/></Anchor></Anchors>
            </FontString>

            <FontString name="Atr_FSR_scanned_count" inherits="GameFontHighlight" text="">
              <Anchors><Anchor point="LEFT" relativeTo="Atr_FSR_scanned_text" relativePoint="RIGHT"><Offset x="15"/></Anchor></Anchors>
            </FontString>

            <FontString name="Atr_FSR_added_text" inherits="GameFontNormal" text="AUCTIONATOR_ITEMS_ADDED">
              <Anchors><Anchor point="TOPRIGHT"><Offset x="-170" y="-65"/></Anchor></Anchors>
            </FontString>

            <FontString name="Atr_FSR_added_count" inherits="GameFontHighlight">
              <Anchors><Anchor point="LEFT" relativeTo="Atr_FSR_added_text" relativePoint="RIGHT"><Offset x="15"/></Anchor></Anchors>
            </FontString>

            <FontString name="Atr_FSR_updated_text" inherits="GameFontNormal" text="AUCTIONATOR_ITEMS_UPDATED">
              <Anchors><Anchor point="TOPRIGHT"><Offset x="-170" y="-90"/></Anchor></Anchors>
            </FontString>

            <FontString name="Atr_FSR_updated_count" inherits="GameFontHighlight">
              <Anchors><Anchor point="LEFT" relativeTo="Atr_FSR_updated_text" relativePoint="RIGHT"><Offset x="15"/></Anchor></Anchors>
            </FontString>

            <FontString name="Atr_FSR_ignored_text" inherits="GameFontNormal" text="AUCTIONATOR_ITEMS_IGNORED">
              <Anchors><Anchor point="TOPRIGHT"><Offset x="-170" y="-115"/></Anchor></Anchors>
            </FontString>

            <FontString name="Atr_FSR_ignored_count" inherits="GameFontHighlight">
              <Anchors><Anchor point="LEFT" relativeTo="Atr_FSR_ignored_text" relativePoint="RIGHT"><Offset x="15"/></Anchor></Anchors>
            </FontString>

          </Layer>
        </Layers>
      </Frame>
    </Frames>
  </Frame>
</Ui>